title,company,income,location,link
【外国籍多数】Pythonエンジニア(正社員),ヒューマンリソシア株式会社,年収 300万円 ~ 600万円,東京都 新宿区,https://jp.indeed.com/%E4%BB%95%E4%BA%8B?jk=3c24a15df4ee7798
【Python】バックエンドエンジニア,株式会社リーデックス,月給 70万円 ~ 80万円,東京都 新宿区,https://jp.indeed.com/%E4%BB%95%E4%BA%8B?jk=714a7d42ed9625a5
【Python】メタバース開発支援,株式会社リーデックス,月給 70万円 ~ 80万円,東京都 渋谷区,https://jp.indeed.com/%E4%BB%95%E4%BA%8B?jk=e29e86d58a3a8379
Python経験2年以上ある方!サーバー構築/在宅勤務,オムロンエキスパートリンク株式会社,"時給 2,100円",在宅OK in 大阪府 大阪市 北区 南森町駅,https://jp.indeed.com/%E4%BB%95%E4%BA%8B?jk=4c653607750ae178
【Python】旅行予約サイトのサーバーサイド開発案件,株式会社リーデックス,月給 70万円 ~ 80万円,在宅OK in 東京都 渋谷区 渋谷駅,https://jp.indeed.com/%E4%BB%95%E4%BA%8B?jk=4df6011c3d5da6e8
【Python】大手自動車ドラレコデータAI診断システム開発,株式会社リーデックス,月給 70万円 ~ 80万円,東京都 新宿区 新宿駅,https://jp.indeed.com/%E4%BB%95%E4%BA%8B?jk=1362a32bb6e1d903
【Python】画像認識を中心としたAI・ディープラーニング事業,株式会社リーデックス,月給 70万円 ~ 80万円,在宅OK in 東京都 渋谷区,https://jp.indeed.com/%E4%BB%95%E4%BA%8B?jk=5516c78b1214f544
【Python】web申込システムの開発,株式会社リーデックス,月給 70万円 ~ 80万円,東京都 渋谷区,https://jp.indeed.com/%E4%BB%95%E4%BA%8B?jk=e03d6481bfeff709
ITエンジニア/Python/Django/未経験採用,合同会社シェアストック,"時給 1,000円 ~ 3,000円",在宅OK in 茨城県 つくば市 研究学園,https://jp.indeed.com/%E4%BB%95%E4%BA%8B?jk=bc03863b37ed4f1b
【Python/Django】サーバサイドエンジニア,オウレットラボ合同会社,"時給 2,000円 ~ 6,000円",東京都 港区,https://jp.indeed.com/%E4%BB%95%E4%BA%8B?jk=9cbfafd65e506010
Pythonを用いたスマート工場システムの製品開発案件,Rotoworks株式会社,月給 70万円 ~ 85万円,東京都 港区,https://jp.indeed.com/%E4%BB%95%E4%BA%8B?jk=f90917579a8ac635
Pythonでの運用,株式会社アウトソーシングテクノロジー 北日本,月給 24万円 ~ 27万円,新潟県 新潟市,https://jp.indeed.com/%E4%BB%95%E4%BA%8B?jk=a0deb0a8d5bbd9cb
フルリモート|【Python】データサイエンティスト/アプライドサイエンティスト募集|No.3529,非公開,月給 100万円,東京都 新宿区,https://jp.indeed.com/%E4%BB%95%E4%BA%8B?jk=b5175d708b86ac64
機械学習エンジニア、データサイエンティスト,ForestAI株式会社,月給 50万円 以上,東京都 中央区 銀座,https://jp.indeed.com/%E4%BB%95%E4%BA%8B?jk=be9fafabcda91110
【Python】LINEでの防災チャットボットの開発【リモートOK】,非公開,月給 60万円,東京都 23区,https://jp.indeed.com/%E4%BB%95%E4%BA%8B?jk=6301cc3fc0c06e31
Pythonプログラムの設計書作成,非公開,月給 45万円,東京都 渋谷区,https://jp.indeed.com/%E4%BB%95%E4%BA%8B?jk=25463dc234d06e09
新潟市でPythonでの運用,株式会社アウトソーシングテクノロジー 北日本,月給 24万円 ~ 27万円,新潟県 新潟市,https://jp.indeed.com/%E4%BB%95%E4%BA%8B?jk=fb8d75ccc503656c
フルリモート/Python設計・開発案件,株式会社ビズリンク,月給 85万円,東京都 新宿区 西新宿,https://jp.indeed.com/%E4%BB%95%E4%BA%8B?jk=dfec21b61da7c67b
未経験Webデザイナー(研修あり),株式会社トラストコーポレーション,月給 22万円 ~ 40万円,東京都 渋谷区,https://jp.indeed.com/%E4%BB%95%E4%BA%8B?jk=952eb56b201a5889
【Python/RDBMS】データアナリスト業務支援|医療・福祉業|フルリモート,INTLOOP株式会社,月給 80万円 ~ 160万円,東京都 中央区 東銀座駅,https://jp.indeed.com/%E4%BB%95%E4%BA%8B?jk=9c526833a45b3d1c
【Python】住宅施工見守りAI【リモートOK】,非公開,月給 65万円,東京都 23区,https://jp.indeed.com/%E4%BB%95%E4%BA%8B?jk=45cdbe220f82fdf5
【Python(データ分析系)】データ抽出等業務支援/商社【リモートOK】,非公開,月給 60万円,東京都 港区 三田,https://jp.indeed.com/%E4%BB%95%E4%BA%8B?jk=c5b9e4c3ce69da13
【Python】HR企業における機械学習エンジニア募集|フルリモート,株式会社ビズリンク,月給 70万円 ~ 90万円,ハイブリッド勤務 in 東京都 千代田区 東京駅,https://jp.indeed.com/%E4%BB%95%E4%BA%8B?jk=7c10ed4713910907
未経験Web系プログラマー(研修あり),株式会社トラストコーポレーション,月給 22万円 ~ 40万円,東京都 渋谷区,https://jp.indeed.com/%E4%BB%95%E4%BA%8B?jk=608f7b44668c6cc7
【Python】教育ドメインの機械学習エンジニア【リモートOK】,非公開,月給 90万円,東京都 文京区 本郷三丁目駅,https://jp.indeed.com/%E4%BB%95%E4%BA%8B?jk=922538dbaf8b4338
【Python(データ分析系)】データ分析システムの構築【リモートOK】,非公開,月給 60万円,東京都 港区 赤坂,https://jp.indeed.com/%E4%BB%95%E4%BA%8B?jk=706012a75023ec8c
Webプログラマー(Python/PHP),BMJ株式会社,"時給 1,650円",在宅OK in 東京都 新宿区 新宿駅,https://jp.indeed.com/%E4%BB%95%E4%BA%8B?jk=806a33f26691198c
【大阪】社内SE(Webシステム開発者)/生命保険・損害保険,SBI日本少額短期保険 株式会社,年収 400万円 ~ 700万円,大阪府 大阪市 北区 大深町,https://jp.indeed.com/%E4%BB%95%E4%BA%8B?jk=fd55c2ae04eaeb74
【Python】Pythonプログラムの設計書作成,非公開,月給 45万円,千葉県 千葉市,https://jp.indeed.com/%E4%BB%95%E4%BA%8B?jk=424b47cbd2c16860
【Python/GCP/AWS/~40歳まで/4月稼働開始】大手ホームセンター需要予測プロジェクト,非公開,月給 85万円 ~ 90万円,東京都 港区 表参道駅,https://jp.indeed.com/%E4%BB%95%E4%BA%8B?jk=ad589da0e1385733
公的研究所でPythonを用いたデータ解析,WDB株式会社,"時給 1,700円 ~ 2,000円",茨城県 つくば市 つくば駅,https://jp.indeed.com/%E4%BB%95%E4%BA%8B?jk=bc85703b873a56ff
【業務委託】機械学習エンジニア(Python),AnyKan株式会社,月給 56万円 ~ 63万円,東京都 品川区 五反田駅,https://jp.indeed.com/%E4%BB%95%E4%BA%8B?jk=6a64cfde526811ce
【Python】時系列解析・異常検知エンジニアのPoC案件【リモートOK】,非公開,月給 70万円,東京都 中央区 茅場町駅,https://jp.indeed.com/%E4%BB%95%E4%BA%8B?jk=66705f62eca610b9
Webエンジニア|Python/インターネット/Webサービス・ASP,株式会社 Srush,"年収 500万円 ~ 1,200万円",東京都 中央区 東日本橋,https://jp.indeed.com/%E4%BB%95%E4%BA%8B?jk=1dfad0bfafdfa90b
【Python】某マーケティング企業との協業開発【リモートOK】,非公開,月給 80万円,東京都 港区 浜松町,https://jp.indeed.com/%E4%BB%95%E4%BA%8B?jk=21ac3f3f8c85c3fb
Python系エンジニア,company name: none,月給 75万円,東京都 中央区 茅場町駅,https://jp.indeed.com/%E4%BB%95%E4%BA%8B?jk=32d7aee361e5ce83
資産運用会社でのデータサイエンティスト募集,キュースクエア・テクノロジーズ株式会社,None information,東京都 千代田区 大手町,https://jp.indeed.com/%E4%BB%95%E4%BA%8B?jk=5eace30ba78e3974
【Python・JavaScrip/週3日~/フルリモート】Webアプリ開発とテスト作業業務案件,株式会社クラウドワークス,月給 97.5万円,東京都 港区 赤坂駅,https://jp.indeed.com/%E4%BB%95%E4%BA%8B?jk=5ac232cd6f7d31b1
Pythonエンジニア,株式会社コネクティル,"時給 1,500円 ~ 2,500円",在宅OK in 東京都 千代田区,https://jp.indeed.com/%E4%BB%95%E4%BA%8B?jk=c641dd5c21e4491d
システムエンジニア(2023年新卒採用),株式会社コントロールテクノロジー,月給 28万円,東京都 港区 赤坂,https://jp.indeed.com/%E4%BB%95%E4%BA%8B?jk=95c74080150fe8f3
Pythonエンジニア/システムインテグレータ・ソフトハウス,株式会社 エンライズコーポレーション,年収 300万円 ~ 350万円,東京都 渋谷区 代々木,https://jp.indeed.com/%E4%BB%95%E4%BA%8B?jk=38e7e76409f35899
Pythonエンジニア,company name: none,月給 75万円,東京都 中央区 茅場町駅,https://jp.indeed.com/%E4%BB%95%E4%BA%8B?jk=52da05984c0b7a8a
気象予報士・データサイエンティスト,YuMake合同会社,"時給 2,000円",在宅OK in 大阪府 大阪市,https://jp.indeed.com/%E4%BB%95%E4%BA%8B?jk=33f955747d88c5de
データサイエンティスト|Python / Jupyter Notebook/インターネット/Webサービス・ASP,株式会社 MAZIN,"年収 400万円 ~ 1,000万円",東京都 台東区 西浅草,https://jp.indeed.com/%E4%BB%95%E4%BA%8B?jk=2b4427006f817537
資産運用会社でのエンジニア募集,キュースクエア・テクノロジーズ株式会社,"年収 700万円 ~ 1,400万円",東京都 千代田区 大手町,https://jp.indeed.com/%E4%BB%95%E4%BA%8B?jk=560ad87725261844
"Webエンジニア(html,CSS,JavaScript,PHP)#未経験OK!",株式会社SEアシスト,月給 17万円 ~ 50万円,福岡県 福岡市 博多区,https://jp.indeed.com/%E4%BB%95%E4%BA%8B?jk=e160f34e7d9fdd5a
未経験からエンジニアになれる!　6か月間の研修受講付き(プログラマ、システムエンジニア),株式会社トランソニックソフトウェア,月給 18万円 ~ 30万円,愛知県 名古屋市,https://jp.indeed.com/%E4%BB%95%E4%BA%8B?jk=888e387cce857544
気象データを使ったAI予測モデル/Python,株式会社テクノウェイブ,"時給 3,300円",東京都 品川区,https://jp.indeed.com/%E4%BB%95%E4%BA%8B?jk=f7b733991528f9aa
【Python/週1日~/一部リモート/田町駅】地図プロット業務の効率化および分析データの正規化業務案件,株式会社クラウドワークス,月給 37.5万円,ハイブリッド勤務 in 東京都 港区 田町駅,https://jp.indeed.com/%E4%BB%95%E4%BA%8B?jk=5e7da60ecf993a6d
Pythonエンジニア,Be株式会社,None information,神奈川県 横浜市 神奈川区 鶴屋町,https://jp.indeed.com/%E4%BB%95%E4%BA%8B?jk=12b9351ffbc113e1
Python/PHPエンジニア データ加工処理業務,イチアール株式会社,月給 50万円 ~ 70万円,東京都 渋谷区,https://jp.indeed.com/%E4%BB%95%E4%BA%8B?jk=0c1fb4335f6e7733
Python/機械学習/画像解析に関する研究開発,Rotoworks株式会社,月給 60万円 ~ 75万円,東京都 中央区,https://jp.indeed.com/%E4%BB%95%E4%BA%8B?jk=a4ac90082b24463a
Pythonエンジニア WEBアンケートシステム,イチアール株式会社,月給 60万円 ~ 70万円,東京都 渋谷区,https://jp.indeed.com/%E4%BB%95%E4%BA%8B?jk=22bcfccfb09310f0
【Python】商業施設向けデータ加工,株式会社bluena,月給 45万円 ~ 60万円,東京都 品川区,https://jp.indeed.com/%E4%BB%95%E4%BA%8B?jk=df973fe74eca2ecc
2023年卒 札幌 新卒 自社開発 Python,ダイアモンドヘッド株式会社,月給 20万円 ~ 32万円,北海道 札幌市 中央区,https://jp.indeed.com/%E4%BB%95%E4%BA%8B?jk=53a200c38258ce29
Pythonエンジニア システム設計支援業務,イチアール株式会社,月給 80万円 ~ 90万円,東京都 渋谷区,https://jp.indeed.com/%E4%BB%95%E4%BA%8B?jk=51aada2f7bd05799
Pythonエンジニア 字幕機能拡充開発,イチアール株式会社,月給 80万円 ~ 90万円,東京都 渋谷区,https://jp.indeed.com/%E4%BB%95%E4%BA%8B?jk=dcf41a299dbc4159
プログラマ,株式会社Deepblue,"時給 1,200円 ~ 1,300円",東京都 渋谷区 恵比寿,https://jp.indeed.com/%E4%BB%95%E4%BA%8B?jk=e4a82e09f1c2201e
Pythonエンジニア データサイエンティスト,イチアール株式会社,月給 60万円 ~ 90万円,東京都 渋谷区,https://jp.indeed.com/%E4%BB%95%E4%BA%8B?jk=fef896b9e2f0d024
PHPやPython環境による開発,サーバーフリー株式会社,"時給 2,500円",在宅OK in 東京都 港区,https://jp.indeed.com/%E4%BB%95%E4%BA%8B?jk=4f773f2b1d9f2eb3
【業務委託】Python|金融メタバース開発支援,株式会社MAISON MARC,月給 70万円 ~ 100万円,在宅OK in 東京都 23区,https://jp.indeed.com/%E4%BB%95%E4%BA%8B?jk=12f25555e90c2bd5
Python/Linuxエンジニア ネットワーク実験の研究サポート,イチアール株式会社,月給 50万円 ~ 60万円,東京都 渋谷区,https://jp.indeed.com/%E4%BB%95%E4%BA%8B?jk=1f658e7d10ff0f17
Pythonエンジニア チャットボットのアルゴリズム改善,イチアール株式会社,月給 50万円 ~ 60万円,東京都 渋谷区,https://jp.indeed.com/%E4%BB%95%E4%BA%8B?jk=ec9babebf4a76e99
Python/ サーバーサイドエンジニア,identity Inc.,月給 45万円 ~ 55万円,東京都 豊島区 池袋駅その他の勤務地(4),https://jp.indeed.com/%E4%BB%95%E4%BA%8B?jk=b6bcb2a9bc88c5e0
Python/Djangoエンジニア 開発支援,イチアール株式会社,月給 60万円 ~ 80万円,東京都 渋谷区,https://jp.indeed.com/%E4%BB%95%E4%BA%8B?jk=a817d118ea98d090
システムエンジニア,株式会社ライフ,月給 25万円 ~ 35万円,大分県 大分市 金池南その他の勤務地(31),https://jp.indeed.com/%E4%BB%95%E4%BA%8B?jk=8b7faadf7de02f16
プログラマー,株式会社wildidea,月給 40万円 ~ 70万円,東京都 新宿区 新宿,https://jp.indeed.com/%E4%BB%95%E4%BA%8B?jk=97e2145993af32e4
管理職候補Pythonエンジニア,株式会社EDIX,月給 40万円 ~ 50万円,東京都 台東区 東上野,https://jp.indeed.com/%E4%BB%95%E4%BA%8B?jk=84ca7affcd09d68a
WEBシステム設計業務(Python、Java),株式会社JapanTechnology　本社,月給 72万円,東京都 港区 芝大門,https://jp.indeed.com/%E4%BB%95%E4%BA%8B?jk=61fa35fb8a2b97ec
Pythonエンジニア,株式会社ヒューガン,年収 280万円 ~ 550万円,広島県 福山市その他の勤務地(1),https://jp.indeed.com/%E4%BB%95%E4%BA%8B?jk=dc8bb28b8179ad29
Python/AIを活用したデータ分析,ハーベスト株式会社,月給 60万円 ~ 75万円,在宅OK in 大阪府 大阪市 中央区 内本町,https://jp.indeed.com/%E4%BB%95%E4%BA%8B?jk=60d1786fdf5d25e6
Pythonエンジニア 業務効率化プロジェクト,イチアール株式会社,月給 80万円 ~ 90万円,東京都 渋谷区,https://jp.indeed.com/%E4%BB%95%E4%BA%8B?jk=15020cf2eefa2e89
Python 業務用ソフト 自動化ツール開発者,株式会社パルディアス,月給 27.0万円 ~ 41.2万円,東京都 渋谷区 神宮前その他の勤務地(1),https://jp.indeed.com/%E4%BB%95%E4%BA%8B?jk=ea9125b402f4c324
7月中旬~ 機械学習Python フルリモ可,株式会社パソナテック,"時給 2,300円 ~ 2,600円",愛知県 名古屋市 中村区 名古屋駅,https://jp.indeed.com/%E4%BB%95%E4%BA%8B?jk=cf2da2ee7a46d2e7
電子契約システム(Python),株式会社ジンアース,月給 25万円 ~ 70万円,東京都 新宿区 新大久保駅,https://jp.indeed.com/%E4%BB%95%E4%BA%8B?jk=3ce8223d672e83f9
Python/Django/サーバーサイドエンジニア,identity Inc.,月給 60万円 ~ 70万円,在宅OK in 東京都 港区 新橋駅その他の勤務地(1),https://jp.indeed.com/%E4%BB%95%E4%BA%8B?jk=fd99c9739f2ddb28
分析エンジニア,TheROOMDoor株式会社,月給 25.9万円,東京都 港区 六本木,https://jp.indeed.com/%E4%BB%95%E4%BA%8B?jk=8ac95587f9892143
Pythonエンジニア,株式会社アウルキャンプ,None information,東京都 文京区 大塚,https://jp.indeed.com/%E4%BB%95%E4%BA%8B?jk=0f7a6445ea0ef2cd
【Python】ゲームサービス事業におけるデータ分析案件|外苑前,株式会社ビズリンク,月給 60万円 ~ 70万円,ハイブリッド勤務 in 東京都 港区 外苑前駅,https://jp.indeed.com/%E4%BB%95%E4%BA%8B?jk=f47d61280b354b98
SQL/Python/データサイエンティスト,identity Inc.,月給 75万円 ~ 85万円,東京都 品川区 天王洲アイル駅,https://jp.indeed.com/%E4%BB%95%E4%BA%8B?jk=7d18aa3a4757efba
Pythonエンジニア,キャル株式会社仙台オフィス,月給 25万円 ~ 40万円,宮城県 仙台市 若林区 新寺,https://jp.indeed.com/%E4%BB%95%E4%BA%8B?jk=c3c47ab5338e725c
【本選考直結】Dive into MIXI 2022 夏季(エンジニア),株式会社ミクシィ,"時給 2,500円",東京都 渋谷区 渋谷,https://jp.indeed.com/%E4%BB%95%E4%BA%8B?jk=8fb48f4e330662e8
Pythonエンジニア EDIサービスの開発運用支援,イチアール株式会社,月給 50万円 ~ 70万円,東京都 渋谷区,https://jp.indeed.com/%E4%BB%95%E4%BA%8B?jk=e0107c7ac5a4f0fb
SE(システムエンジニア),株式会社GoQSystem,月給 22万円 ~ 45万円,広島県 広島市 中区 大手町その他の勤務地(1),https://jp.indeed.com/%E4%BB%95%E4%BA%8B?jk=4c7f2747ab711167
Flutter/Pythonエンジニア 医療用画像診断スマホアプリの開発,イチアール株式会社,月給 90万円 ~ 100万円,東京都 渋谷区,https://jp.indeed.com/%E4%BB%95%E4%BA%8B?jk=687a37f507e1ddb1
Pythonエンジニア 貿易流通システム,イチアール株式会社,月給 60万円 ~ 70万円,東京都 渋谷区,https://jp.indeed.com/%E4%BB%95%E4%BA%8B?jk=a4113639ee7732de
Python/Ruby/Perl/PHPエンジニア,株式会社ビットストロング,月給 23万円 ~ 50万円,東京都 文京区 春日駅その他の勤務地(1),https://jp.indeed.com/%E4%BB%95%E4%BA%8B?jk=46d7845dcc37c240
【Python】会計ソフトの開発担当|麹町,株式会社ビズリンク,月給 50万円 ~ 60万円,ハイブリッド勤務 in 東京都 千代田区 麹町駅,https://jp.indeed.com/%E4%BB%95%E4%BA%8B?jk=8b829da206900e3d
データエバンジェリスト / Data Management室,LINE株式会社,None information,東京都 新宿区 四谷,https://jp.indeed.com/%E4%BB%95%E4%BA%8B?jk=5f7ec66a090af41b
システムエンジニア,株式会社ファイブ・ディグリーズ,月給 22万円 ~ 50万円,東京都 千代田区 紀尾井町,https://jp.indeed.com/%E4%BB%95%E4%BA%8B?jk=73c777f835394d0f
コーダー・マークアップエンジニア,株式会社GoQSystem,月給 22万円 ~ 35万円,広島県 広島市 中区 大手町その他の勤務地(1),https://jp.indeed.com/%E4%BB%95%E4%BA%8B?jk=9b7f4023c4af0f5c
"Engineer, SIC Planning",Micron,None information,広島県 広島市,https://jp.indeed.com/%E4%BB%95%E4%BA%8B?jk=1f2ccaa76a6ed022
Python/R/機械学習エンジニア【東京】 2206,Next Career東京都エリア,年収 470万円 ~ 670万円,東京都 墨田区 錦糸,https://jp.indeed.com/%E4%BB%95%E4%BA%8B?jk=f3a3cc6373a46816
SE(システムエンジニア),Safe Approach Medical株式会社,月給 30万円,福岡県 福岡市 早良区 百道浜,https://jp.indeed.com/%E4%BB%95%E4%BA%8B?jk=632216e9e09dc3ff
データ分析業務,株式会社ビズリンク,月給 70万円,東京都 千代田区 溜池山王駅,https://jp.indeed.com/%E4%BB%95%E4%BA%8B?jk=09f2638ddc339844
Python/Djangoエンジニア データ解析,イチアール株式会社,月給 60万円 ~ 80万円,東京都 渋谷区,https://jp.indeed.com/%E4%BB%95%E4%BA%8B?jk=01239448c26e8191
Pythonエンジニア システム間インターフェイス及びWeb業務システム開発,イチアール株式会社,月給 60万円 ~ 80万円,東京都 渋谷区,https://jp.indeed.com/%E4%BB%95%E4%BA%8B?jk=95b44bd95cd03b09
PythonやPHPを用いた大手テレビ局のデータ収集,株式会社ビズリンク,月給 80万円,東京都 港区 六本木駅,https://jp.indeed.com/%E4%BB%95%E4%BA%8B?jk=93911fbe3ea06fda
システムエンジニア,エム・ティー・エス株式会社,月給 30万円 ~ 50万円,福岡県 北九州市 小倉北区 室町,https://jp.indeed.com/%E4%BB%95%E4%BA%8B?jk=9fac5638950f9a32
【業務委託】Python|Web系開発,株式会社MAISON MARC,月給 70万円 ~ 100万円,在宅OK in 東京都 23区,https://jp.indeed.com/%E4%BB%95%E4%BA%8B?jk=f86dfecf86f8ca33
【柏駅徒歩5分】完全未経験者のあなたも一緒にアプリエンジニア目指しましょう!,株式会社ラストデータ,月給 25万円 ~ 60万円,千葉県 柏市,https://jp.indeed.com/%E4%BB%95%E4%BA%8B?jk=5edef4fe65a50b98
【月30名採用】*ゼロから始めるITエンジニア*未経験*研修最大3ヶ月【上野駅徒歩5分の好立地!】,株式会社ラストデータ,月給 28万円 ~ 70万円,東京都 台東区 上野,https://jp.indeed.com/%E4%BB%95%E4%BA%8B?jk=0c011a0bf139bd38
Pythonエンジニア,キャル株式会社仙台オフィス,月給 25万円 ~ 40万円,宮城県 仙台市 若林区 新寺,https://jp.indeed.com/%E4%BB%95%E4%BA%8B?jk=c3c47ab5338e725c
【アプリ開発】プログラマー(未経験可/原宿駅3分),株式会社ユニゾン・テクノロジー,月給 25万円 ~ 60万円,東京都 渋谷区 原宿駅,https://jp.indeed.com/%E4%BB%95%E4%BA%8B?jk=1abd19bb6fa48e74
【育成前提採用】完全未経験者枠のプログラマー/面接持ち物はやる気だけ✌,株式会社ラストデータ,月給 25万円 ~ 60万円,東京都 千代田区 東京駅,https://jp.indeed.com/%E4%BB%95%E4%BA%8B?jk=3caae884a9ae6b28
情報システム〈生産データ活用〉|年間休日120日以上,株式会社村田製作所,年収 550万円 ~ 800万円,滋賀県 東近江市,https://jp.indeed.com/%E4%BB%95%E4%BA%8B?jk=c1b5fd44a70a1036
✿プログラマーに興味ある人/応募ボタンポチ/未経験採用/3か月研修,株式会社ラストデータ,年収 330万円 ~ 560万円,東京都 立川市 立川駅,https://jp.indeed.com/%E4%BB%95%E4%BA%8B?jk=31dcd0fd3bd20ce8
【新大久保駅徒歩3分】イチから始めるプログラマー《最初の3か月は”学ぶことが仕事”》IT業界完全未経験,株式会社ラストデータ,月給 25万円 ~ 70万円,東京都 新宿区 新大久保駅,https://jp.indeed.com/%E4%BB%95%E4%BA%8B?jk=dc0fbf35d470a60e
【丸の内】イチから始めるプログラマー《最初の3か月は”学ぶことが仕事”》IT業界完全未経験,株式会社ラストデータ,月給 25万円 ~ 70万円,東京都 千代田区 東京駅,https://jp.indeed.com/%E4%BB%95%E4%BA%8B?jk=3ba69070909a0fac
【横浜】フリーターから大変身【プログラマー(WEB・アプリ)】4ヶ月の研修でデビュー!,株式会社ラストデータ,月給 25万円 ~ 60万円,神奈川県 横浜市,https://jp.indeed.com/%E4%BB%95%E4%BA%8B?jk=e151dc85517d133d
完全人柄重視 未経験でもアプリエンジニアになれる!,株式会社ラストデータ,月給 25万円 ~ 60万円,東京都 千代田区 有楽町,https://jp.indeed.com/%E4%BB%95%E4%BA%8B?jk=86d970cd074dddda
【横浜】みんな初めはゼロからだった【プログラマー(WEB・アプリ)】4ヶ月の研修でデビュー!,株式会社ラストデータ,月給 25万円 ~ 60万円,神奈川県 横浜市,https://jp.indeed.com/%E4%BB%95%E4%BA%8B?jk=8c0f370de88d1a86
"週2日/6h〜【フルリモート】データベースエンジニア_SQL,AWS,Python",株式会社KandaQuantum,"時給 3,000円 ~ 4,000円",在宅OK in 東京都 23区,https://jp.indeed.com/%E4%BB%95%E4%BA%8B?jk=0a86113fc2d739bc
エンジニア(Pythonを用いた災害連絡システムの開発),株式会社Onfleek,月給 55万円 ~ 75万円,東京都 台東区,https://jp.indeed.com/%E4%BB%95%E4%BA%8B?jk=4288bbe579849e1d
Pythonエンジニア,株式会社WeStyle,月給 25万円 以上,東京都 23区,https://jp.indeed.com/%E4%BB%95%E4%BA%8B?jk=442e82338f18dd88
Python開発業務　経験者,株式会社HAL東北支社,月給 24万円 ~ 56万円,宮城県 仙台市 青葉区 中央,https://jp.indeed.com/%E4%BB%95%E4%BA%8B?jk=d3eaf0d8ba073aa0
Pythonエンジニア,株式会社ヒューガン,年収 280万円 ~ 550万円,広島県 福山市その他の勤務地(1),https://jp.indeed.com/%E4%BB%95%E4%BA%8B?jk=dc8bb28b8179ad29
プログラマー アルバイト,株式会社エムケイシステム,"時給 1,200円 ~ 2,000円",在宅OK in 愛知県 名古屋市 中区 丸の内駅,https://jp.indeed.com/%E4%BB%95%E4%BA%8B?jk=eaa0adc57d6c8111
Python技術者,キャル株式会社仙台オフィス,月給 24万円 ~ 40万円,宮城県 仙台市 若林区 新寺,https://jp.indeed.com/%E4%BB%95%E4%BA%8B?jk=ef3c6db7dbcf9f75
【業務委託】Python|金融メタバース開発支援,株式会社MAISON MARC,月給 70万円 ~ 100万円,在宅OK in 東京都 23区,https://jp.indeed.com/%E4%BB%95%E4%BA%8B?jk=12f25555e90c2bd5
【研修制度充実】データサイエンティスト/Python・SQL・機械学習,データアナリティクスラボ株式会社,月給 23万円,東京都 23区,https://jp.indeed.com/%E4%BB%95%E4%BA%8B?jk=8eb0141170b6b113
未経験から始めるPython、Javaプログラマー,株式会社モーション,月給 23万円 ~ 65万円,東京都 立川市,https://jp.indeed.com/%E4%BB%95%E4%BA%8B?jk=c632848ca7b47131
Pythonエンジニア(中級),キャル株式会社(東京本部),月給 30万円 ~ 50万円,東京都 千代田区 秋葉原駅,https://jp.indeed.com/%E4%BB%95%E4%BA%8B?jk=0833b87c9075979b
【業務委託】Python|Web系開発,株式会社MAISON MARC,月給 70万円 ~ 100万円,在宅OK in 東京都 23区,https://jp.indeed.com/%E4%BB%95%E4%BA%8B?jk=f86dfecf86f8ca33
【業務委託・リモート】Webスクレイピングにてシステム開発/開発エンジニア,株式会社リスマ,"時給 2,000円 ~ 4,000円",在宅OK in 東京都 23区,https://jp.indeed.com/%E4%BB%95%E4%BA%8B?jk=5f675a8e859d4ad9
Pythonエンジニア データサイエンティスト,イチアール株式会社,月給 60万円 ~ 90万円,東京都 渋谷区,https://jp.indeed.com/%E4%BB%95%E4%BA%8B?jk=fef896b9e2f0d024
WEBシステム設計業務(Python、Java),株式会社JapanTechnology　本社,月給 72万円,東京都 港区 芝大門,https://jp.indeed.com/%E4%BB%95%E4%BA%8B?jk=61fa35fb8a2b97ec
電子契約システム開発(Python),株式会社ジンアース札幌営業所,月給 25万円 ~ 70万円,北海道 札幌市 中央区 大通駅,https://jp.indeed.com/%E4%BB%95%E4%BA%8B?jk=0f307ea784c2b107
"Python,MySQLのバージョンアップ技術者",レイシスソフトウエアーサービス株式会社,月給 30万円 ~ 50万円,大阪府 大阪市 北区 堂島,https://jp.indeed.com/%E4%BB%95%E4%BA%8B?jk=4ad84843ac4ab1b5
Pythonエンジニア,みんなのマーケット株式会社,月給 35.5万円 ~ 66.6万円,在宅OK in 東京都 23区,https://jp.indeed.com/%E4%BB%95%E4%BA%8B?jk=82a9b959c58e4838
電子契約システム(Python),株式会社ジンアース横浜営業所,月給 25万円 ~ 70万円,神奈川県 横浜市 西区 みなとみらい,https://jp.indeed.com/%E4%BB%95%E4%BA%8B?jk=824ceb0df30a5c3e
分析支援ライブラリの開発(Python),株式会社エーティーティーソリューションズ朝霞営業所,月給 35万円 ~ 45万円,埼玉県 朝霞市 朝霞駅,https://jp.indeed.com/%E4%BB%95%E4%BA%8B?jk=49bbc4f9dafbe68b
【業務委託】データサイエンティスト,シバケン合同会社,"時給 1,200円 以上",東京都 23区,https://jp.indeed.com/%E4%BB%95%E4%BA%8B?jk=783f0bb35a758f96
Pythonシステムエンジニア,株式会社J-TEC,None information,東京都 千代田区 市ケ谷駅,https://jp.indeed.com/%E4%BB%95%E4%BA%8B?jk=394e8792ee700af8
Python/Djangoエンジニア 出版関係システム作業,イチアール株式会社,月給 60万円 ~ 80万円,東京都 渋谷区,https://jp.indeed.com/%E4%BB%95%E4%BA%8B?jk=786b8aa2db2fcd76
フリーランスエンジニア・Python設計,株式会社アスタ,月給 75万円 ~ 80万円,東京都 千代田区,https://jp.indeed.com/%E4%BB%95%E4%BA%8B?jk=30ae27122107636c
Pythonエンジニア,(株)ナレバン,月給 30万円 ~ 50万円,東京都 新宿区 新宿御苑前駅,https://jp.indeed.com/%E4%BB%95%E4%BA%8B?jk=b832d03485cfabb3
Pythonエンジニア ビッグデータの分析/集計業務,イチアール株式会社,月給 70万円 ~ 90万円,東京都 渋谷区,https://jp.indeed.com/%E4%BB%95%E4%BA%8B?jk=e79a350c1d6fd1b4
【23卒限定】システムエンジニア,株式会社利達ソフト,月給 23万円,東京都 千代田区,https://jp.indeed.com/%E4%BB%95%E4%BA%8B?jk=2ad8366d440f121d
Pythonエンジニア,キャル株式会社　福岡オフィス,月給 30万円 ~ 45万円,福岡県 福岡市 博多区 博多駅前,https://jp.indeed.com/%E4%BB%95%E4%BA%8B?jk=b72612291cc5588d
機械学習エンジニア(Python・R),株式会社インビリティー,月給 20万円 ~ 50万円,愛知県 名古屋市 中区 栄駅,https://jp.indeed.com/%E4%BB%95%E4%BA%8B?jk=6bd8b204159ccfe5
プログラマー,株式会社KoKoRa,"時給 1,450円 ~ 2,450円",東京都 千代田区 大手町その他の勤務地(20),https://jp.indeed.com/%E4%BB%95%E4%BA%8B?jk=edab41ad8c9730a3
IoTを活用したWebサービス開発 Python,株式会社イデアルアーキテクツ,月給 25万円 ~ 50万円,東京都 新宿区 都庁前駅,https://jp.indeed.com/%E4%BB%95%E4%BA%8B?jk=9e3bde3e3d4502c1
2023年卒 札幌 新卒 自社開発 Python,ダイアモンドヘッド株式会社,月給 20万円 ~ 32万円,北海道 札幌市 中央区,https://jp.indeed.com/%E4%BB%95%E4%BA%8B?jk=53a200c38258ce29
システム開発(Python Ruby),株式会社Sola.com,月給 20.8万円 ~ 32.0万円,宮城県 仙台市 青葉区 本町,https://jp.indeed.com/%E4%BB%95%E4%BA%8B?jk=11e7a2051557cf30
データサイエンティスト,株式会社Tbook,月給 31万円 ~ 60万円,東京都 渋谷区,https://jp.indeed.com/%E4%BB%95%E4%BA%8B?jk=02298d7fab3142f7
Pythonエンジニア 電力会社向け調査解析,イチアール株式会社,月給 50万円 ~ 60万円,東京都 渋谷区,https://jp.indeed.com/%E4%BB%95%E4%BA%8B?jk=be88f139924e516d
【Python】商業施設向けデータ加工,株式会社bluena,月給 45万円 ~ 60万円,東京都 品川区,https://jp.indeed.com/%E4%BB%95%E4%BA%8B?jk=df973fe74eca2ecc
電子契約システム(Python),株式会社ジンアース仙台営業所,月給 25万円 ~ 70万円,宮城県 仙台市 宮城野区 宮城野通駅,https://jp.indeed.com/%E4%BB%95%E4%BA%8B?jk=fea4964c0ed2a211
Python開発,株式会社富士三和総研,月給 30万円 ~ 40万円,東京都 立川市 柴崎町,https://jp.indeed.com/%E4%BB%95%E4%BA%8B?jk=cba6ad58aa372283
AIエンジニア,ApexSolution合同会社,月給 26万円 ~ 55万円,大阪府 大阪市 中央区 安堂寺町その他の勤務地(12),https://jp.indeed.com/%E4%BB%95%E4%BA%8B?jk=b3444d3f007c39f1
WEBシステム開発,株式会社グリーミン・ビッグウェル,None information,静岡県 沼津市 高島本町,https://jp.indeed.com/%E4%BB%95%E4%BA%8B?jk=a56763fff00d8819
Python/SQLエンジニア Webサイト開発支援業務,イチアール株式会社,月給 50万円 ~ 70万円,東京都 渋谷区,https://jp.indeed.com/%E4%BB%95%E4%BA%8B?jk=74473846453f809a
Pythonエンジニア AIを活用したBIツールの開発,イチアール株式会社,月給 60万円 ~ 80万円,東京都 渋谷区,https://jp.indeed.com/%E4%BB%95%E4%BA%8B?jk=fb139f3a0cb72432
インフラエンジニア,株式会社アクターリアリティー,月給 25万円 ~ 50万円,福岡県 福岡市 中央区 天神その他の勤務地(1),https://jp.indeed.com/%E4%BB%95%E4%BA%8B?jk=038fa8294b460a9c
Pythonエンジニア 大手通信事業様向け提案支援業務,イチアール株式会社,月給 80万円 ~ 90万円,東京都 渋谷区,https://jp.indeed.com/%E4%BB%95%E4%BA%8B?jk=39d133c70a40d3fa
Pythonエンジニア,株式会社Necmos,月給 25万円 ~ 80万円,東京都 渋谷区 代々木駅,https://jp.indeed.com/%E4%BB%95%E4%BA%8B?jk=6a0bfc433fb86069
Pythonなど実装に関わる開発,サーバーフリー株式会社,"時給 2,600円 ~ 3,500円",東京都 渋谷区,https://jp.indeed.com/%E4%BB%95%E4%BA%8B?jk=af6c30661648a6f9
システムエンジニア,株式会社光夢,年収 360万円 ~ 720万円,東京都 新宿区 西新宿その他の勤務地(3),https://jp.indeed.com/%E4%BB%95%E4%BA%8B?jk=80ffa1218eca0f0e
データサイエンティスト,フォアフロント株式会社,"年収 780万円 ~ 1,020万円",大阪府 大阪市 中央区 内本町,https://jp.indeed.com/%E4%BB%95%E4%BA%8B?jk=ad2205603fc0e1a2
【Python】AI開発(プロダクト)案件|池袋,株式会社ビズリンク,月給 65万円 ~ 75万円,ハイブリッド勤務 in 東京都 豊島区 池袋駅,https://jp.indeed.com/%E4%BB%95%E4%BA%8B?jk=68e8f6424cc1c83f
Python/機械学習/ビッグデータエンジニア(開発エンジニア) 3302,Next Career 東京都エリア,年収 422万円 ~ 656万円,東京都 港区 六本木,https://jp.indeed.com/%E4%BB%95%E4%BA%8B?jk=9fbb6a4f33d61d4a
【ITフリーランス/フルリモート】Python / Excel 空港業界におけるダイナミックプライシング活用の検討支援,社名非公開企業,月給 70万円 ~ 80万円,東京都 港区,https://jp.indeed.com/%E4%BB%95%E4%BA%8B?jk=44fec21487c7e05a
SE,アイレット株式会社,月給 25万円 ~ 42万円,東京都 港区 虎ノ門駅その他の勤務地(2),https://jp.indeed.com/%E4%BB%95%E4%BA%8B?jk=fe18f348793ddf19
Pythonエンジニア GSuiteのAPIを利用した運用ツールの開発,イチアール株式会社,月給 70万円 ~ 80万円,東京都 渋谷区,https://jp.indeed.com/%E4%BB%95%E4%BA%8B?jk=5c39a8913691ebcd
Pythonプログラマ,株式会社オンザロード,月給 28万円 ~ 42万円,愛知県 名古屋市 中区 錦,https://jp.indeed.com/%E4%BB%95%E4%BA%8B?jk=db8a5fd59ee0c63f
Pythonエンジニア Web申込システムの開発,イチアール株式会社,月給 50万円 ~ 70万円,東京都 渋谷区,https://jp.indeed.com/%E4%BB%95%E4%BA%8B?jk=b22501a642c7ecd4
Pythonエンジニア セキュリティ関連ソリューション開発PJTにおけるツール開発,イチアール株式会社,月給 60万円 ~ 70万円,東京都 渋谷区,https://jp.indeed.com/%E4%BB%95%E4%BA%8B?jk=f02aa51feae0966d
プログラマ,Meetscom株式会社,月給 21万円 ~ 80万円,東京都 新宿区 矢来町,https://jp.indeed.com/%E4%BB%95%E4%BA%8B?jk=a32d411a2ee5feed
クラウド型業務支援システムの開発責任者候補(ジョブカン),株式会社Donuts,None information,東京都 渋谷区 代々木,https://jp.indeed.com/%E4%BB%95%E4%BA%8B?jk=d240fe8866f41eeb
Pythonエンジニア 健康管理アプリケーション開発,イチアール株式会社,月給 60万円 ~ 70万円,東京都 渋谷区,https://jp.indeed.com/%E4%BB%95%E4%BA%8B?jk=3b41c73e4ac1bfb0
プログラマー,株式会社WANNAGROW,None information,東京都 文京区 西片,https://jp.indeed.com/%E4%BB%95%E4%BA%8B?jk=d70bb9a1efbe6f52
Pythonエンジニア 某グロバールカンパニー向け社内システム開発対応,イチアール株式会社,月給 55万円 ~ 65万円,東京都 渋谷区,https://jp.indeed.com/%E4%BB%95%E4%BA%8B?jk=a9a7e5657a0201c3
【TypeScript / React / Python 】マーケティング支援ツール開発支援,株式会社ビズリンク,月給 110万円,ハイブリッド勤務 in 東京都 港区 浜松町,https://jp.indeed.com/%E4%BB%95%E4%BA%8B?jk=e86b3da3ee77d458
システムエンジニア,株式会社wildidea,月給 40万円 ~ 70万円,東京都 新宿区 新宿,https://jp.indeed.com/%E4%BB%95%E4%BA%8B?jk=a4acf24a937f62c5
エンジニア,株式会社ブレイブスタジオ,None information,島根県 松江市 朝日町,https://jp.indeed.com/%E4%BB%95%E4%BA%8B?jk=3f59c94039b97738
フリーランスエンジニア|Python/画像処理アルゴリズム改修開発,株式会社コーボー,月給 57万円 ~ 67万円,東京都 新宿区,https://jp.indeed.com/%E4%BB%95%E4%BA%8B?jk=5b9a93cea0dcf2cf
プログラマ,株式会社MC-GATE,月給 25万円 ~ 40万円,北海道 札幌市 北区,https://jp.indeed.com/%E4%BB%95%E4%BA%8B?jk=af725d474b201e7f
NEW! 【Python/SQL】通信キャリア向けWeb集客サービス運用案件|溜池山王,株式会社ビズリンク,月給 60万円 ~ 80万円,ハイブリッド勤務 in 東京都 千代田区 溜池山王駅,https://jp.indeed.com/%E4%BB%95%E4%BA%8B?jk=8c929bc0cad631b8
Webエンジニア,株式会社GSI,月給 19.0万円 ~ 22.4万円,北海道 札幌市 北区,https://jp.indeed.com/%E4%BB%95%E4%BA%8B?jk=0a553b283e7bf6c9
【研修制度充実】データサイエンティスト/Python・SQL・機械学習,データアナリティクスラボ株式会社,月給 23万円,東京都 23区,https://jp.indeed.com/%E4%BB%95%E4%BA%8B?jk=8eb0141170b6b113
Junior Application Developer,Bosch Group,None information,神奈川県 横浜市,https://jp.indeed.com/%E4%BB%95%E4%BA%8B?jk=aa9619ee88f72137
Associate Engineer - IT Software,Micron,None information,広島県 広島市,https://jp.indeed.com/%E4%BB%95%E4%BA%8B?jk=588a3d7d0bc7b7ca
データサイエンティスト(AIエンジニア),ネクスジェン株式会社,None information,東京都 品川区 目黒駅,https://jp.indeed.com/%E4%BB%95%E4%BA%8B?jk=15ad627aa47d2046
フリーランスエンジニア|Python/某O2Oスマホアプリの開発,株式会社コーボー,月給 75万円 ~ 85万円,東京都 杉並区,https://jp.indeed.com/%E4%BB%95%E4%BA%8B?jk=5aae3fb7825ff3eb
Python × AWSのデータサイエンティスト募集|65歳採用実績あり,株式会社エイジレス,月給 80万円 ~ 100万円,東京都,https://jp.indeed.com/%E4%BB%95%E4%BA%8B?jk=9be1e46b8e5a7cfa
Python/機械学習データサイエンティスト 1232,Next Career東京都エリア,"年収 600万円 ~ 1,500万円",東京都 港区 虎ノ門,https://jp.indeed.com/%E4%BB%95%E4%BA%8B?jk=77f2f8fc25f1d274
プログラマー,株式会社SocialQuality,月給 25万円 ~ 30万円,東京都 千代田区その他の勤務地(1),https://jp.indeed.com/%E4%BB%95%E4%BA%8B?jk=d5d99f3ac2a2286a
Pythonエンジニア Webアプリの開発/保守,イチアール株式会社,月給 50万円 ~ 70万円,東京都 渋谷区,https://jp.indeed.com/%E4%BB%95%E4%BA%8B?jk=b806294ffb93a443
プログラマー,株式会社パルディアス,月給 21万円 ~ 45万円,東京都 渋谷区 神宮前,https://jp.indeed.com/%E4%BB%95%E4%BA%8B?jk=a629e2b07c33402c
【Python・テレワーク】DMP基盤開発,株式会社スキルコネクト,None information,在宅OK in 東京都 豊島区 池袋,https://jp.indeed.com/%E4%BB%95%E4%BA%8B?jk=0c7310d4dd136b9b
【インターン】機械学習エンジニア(データサイエンティスト),株式会社Hakky,"時給 1,200円 ~ 1,500円",在宅OK in 東京都 新宿区,https://jp.indeed.com/%E4%BB%95%E4%BA%8B?jk=9eb261d22ddc67bb
エンジニア ENGINEER,かっこ株式会社,None information,東京都 港区 元赤坂,https://jp.indeed.com/%E4%BB%95%E4%BA%8B?jk=f09e063493f0880a
AIエンジニアインターン,ハイパーダイン株式会社,None information,東京都 港区 芝,https://jp.indeed.com/%E4%BB%95%E4%BA%8B?jk=af7e11f617fd6d3a
Python/Linuxエンジニア 研究開発作業,イチアール株式会社,月給 50万円 ~ 70万円,東京都 渋谷区,https://jp.indeed.com/%E4%BB%95%E4%BA%8B?jk=2fb11e9d3f2d4f04
ゼロからインフラエンジニア/3ヶ月研修付き/完全未経験,株式会社 Tbook,月給 30万円 ~ 60万円,東京都 大田区,https://jp.indeed.com/%E4%BB%95%E4%BA%8B?jk=17fdd6a3a69b1f66
Pythonエンジニア/インターネット/Webサービス・ASP,株式会社 FLINTERS,年収 450万円 ~ 800万円,東京都 新宿区 西新宿,https://jp.indeed.com/%E4%BB%95%E4%BA%8B?jk=7adcaabc722d52c5
プログラマ,クロスソル株式会社,月給 28万円 ~ 35万円,東京都 千代田区 九段下駅,https://jp.indeed.com/%E4%BB%95%E4%BA%8B?jk=97fda4216dd2e31e
機械学習/Python/AIエンジニア 2582,Next Career東京都エリア,年収 450万円 ~ 800万円,東京都 品川区 上大崎,https://jp.indeed.com/%E4%BB%95%E4%BA%8B?jk=c9f204e0b2363e90
機械学習エンジニア・プログラマ,AlphaTheta株式会社,None information,神奈川県 横浜市 西区 みなとみらい,https://jp.indeed.com/%E4%BB%95%E4%BA%8B?jk=9dfdc3ea63f132ce
データサイエンティスト(AIエンジニア),ネクスジェン株式会社,None information,東京都 品川区 目黒駅,https://jp.indeed.com/%E4%BB%95%E4%BA%8B?jk=15ad627aa47d2046
Pythonエンジニア,株式会社　ウイングノア　名古屋支社,月給 30万円 ~ 45万円,愛知県 名古屋市 中村区 名駅,https://jp.indeed.com/%E4%BB%95%E4%BA%8B?jk=05183f3b76aace8a
【業務委託】Python|ブライダル情報サイトのデータ活用案件,株式会社MAISON MARC,月給 70万円 ~ 100万円,在宅OK in 東京都 23区,https://jp.indeed.com/%E4%BB%95%E4%BA%8B?jk=b0eea72e8efced0e
【業務委託】Python案件　y-11(リモート併用/7月開始),ヒューマネクト株式会社,None information,東京都 港区,https://jp.indeed.com/%E4%BB%95%E4%BA%8B?jk=b4a248db049f1e08
フロントエンド開発者(札幌),アマノ株式会社,None information,北海道 札幌市 白石区 白石駅,https://jp.indeed.com/%E4%BB%95%E4%BA%8B?jk=3d5bfb6d664f2985
生産ITシステム開発エンジニア,任天堂株式会社,None information,京都府 京都市 南区,https://jp.indeed.com/%E4%BB%95%E4%BA%8B?jk=9dbed4dea6446973
Pythonエンジニア スマートストアシステム,株式会社ヘルスベイシス,月給 60万円 ~ 70万円,東京都 渋谷区,https://jp.indeed.com/%E4%BB%95%E4%BA%8B?jk=2787fe6198033fd6
Webデザイナー,株式会社ファーストピック,月給 23万円 ~ 50万円,福岡県 福岡市 博多区その他の勤務地(1),https://jp.indeed.com/%E4%BB%95%E4%BA%8B?jk=5dda22920d282c99
Python/SQLエンジニア BIツール用バッチ開発およびBIツール保守,イチアール株式会社,月給 60万円 ~ 70万円,東京都 渋谷区,https://jp.indeed.com/%E4%BB%95%E4%BA%8B?jk=93d126b8a839a64d
Zabbix/Pythonエンジニア データセンタ監視/構築運用,イチアール株式会社,月給 60万円 ~ 70万円,東京都 渋谷区,https://jp.indeed.com/%E4%BB%95%E4%BA%8B?jk=d544ad8564163d9a
Pythonエンジニア 貿易流通システム,イチアール株式会社,月給 60万円 ~ 70万円,東京都 渋谷区,https://jp.indeed.com/%E4%BB%95%E4%BA%8B?jk=a4113639ee7732de
WEBエンジニア,株式会社ヒューガン,年収 350万円 ~ 750万円,北海道 札幌市 中央区,https://jp.indeed.com/%E4%BB%95%E4%BA%8B?jk=b85e0076377fe510
Pythonエンジニア 自動車の課金サービス会社のバックオフィス開発,イチアール株式会社,月給 60万円 ~ 70万円,東京都 渋谷区,https://jp.indeed.com/%E4%BB%95%E4%BA%8B?jk=3a8305f4b2f1ef66
システムエンジニア,株式会社iサポート,月給 25万円 ~ 50万円,在宅OK in 福岡県 福岡市 博多区 千代,https://jp.indeed.com/%E4%BB%95%E4%BA%8B?jk=888be72f1a18f4a9
アプリケーションプログラマー,ApexSolution合同会社,月給 24万円 ~ 55万円,東京都 千代田区 東京駅その他の勤務地(12),https://jp.indeed.com/%E4%BB%95%E4%BA%8B?jk=0fe35e816751c058
WEBエンジニア,株式会社テックエデュケイションカンパニー　大阪市西区エリア,月給 30万円,大阪府 大阪市 西区,https://jp.indeed.com/%E4%BB%95%E4%BA%8B?jk=4e3a17979b30005a
Python/PHPエンジニア データ加工処理業務,イチアール株式会社,月給 50万円 ~ 70万円,東京都 渋谷区,https://jp.indeed.com/%E4%BB%95%E4%BA%8B?jk=0c1fb4335f6e7733
Pythonエンジニア データレイク構築支援,イチアール株式会社,月給 60万円 ~ 80万円,東京都 渋谷区,https://jp.indeed.com/%E4%BB%95%E4%BA%8B?jk=7179b58a2e8048d5
AIエンジニア,ApexSolution合同会社,月給 26万円 ~ 55万円,千葉県 船橋市 夏見その他の勤務地(12),https://jp.indeed.com/%E4%BB%95%E4%BA%8B?jk=8ae68c459f23075c
システムエンジニア,株式会社ネオシステム,月給 29.0万円 ~ 36.5万円,山梨県 甲府市その他の勤務地(1),https://jp.indeed.com/%E4%BB%95%E4%BA%8B?jk=5d98300d4863962f
Pythonエンジニア Webアプリの開発/保守,イチアール株式会社,月給 50万円 ~ 70万円,東京都 渋谷区,https://jp.indeed.com/%E4%BB%95%E4%BA%8B?jk=b806294ffb93a443
Pythonエンジニア(東京都港区),日本アシスト株式会社,月給 24万円 ~ 45万円,東京都 港区 新橋,https://jp.indeed.com/%E4%BB%95%E4%BA%8B?jk=24574b6bbe3a9870
エンジニア,株式会社Olive,"年収 360万円 ~ 1,000万円",東京都 渋谷区 神南,https://jp.indeed.com/%E4%BB%95%E4%BA%8B?jk=e4648da8bbe19d95
ビジネスサイドのデータサイエンティスト(業務データ分析)Python・SQL・Hadoop,ソーシャルブラザーズ株式会社,年収 550万円 ~ 900万円,東京都 中央区 京橋駅,https://jp.indeed.com/%E4%BB%95%E4%BA%8B?jk=d2458d2ee24f8f90
医療系データサイエンティスト,株式会社大和総研,"年収 600万円 ~ 1,000万円",東京都 江東区 門前仲町駅,https://jp.indeed.com/%E4%BB%95%E4%BA%8B?jk=187b354d74cb99ad
Systems Engineer 3,Visteon Corporation,None information,神奈川県 横浜市,https://jp.indeed.com/%E4%BB%95%E4%BA%8B?jk=b1a7209d1c585a3b
プログラマ,株式会社Deepblue,"時給 1,200円 ~ 1,300円",東京都 渋谷区 恵比寿,https://jp.indeed.com/%E4%BB%95%E4%BA%8B?jk=e4a82e09f1c2201e
Data Scientist,"Ark Co., Ltd","年収 800万円 ~ 1,500万円",東京都 23区,https://jp.indeed.com/%E4%BB%95%E4%BA%8B?jk=24747dc553f7b250
Pythonエンジニア AIに関連した製品周辺の開発,イチアール株式会社,月給 50万円 ~ 70万円,東京都 渋谷区,https://jp.indeed.com/%E4%BB%95%E4%BA%8B?jk=678d54159b0bf186
【業務委託】機械学習engineer(データサイエンティスト),株式会社Hakky,"時給 2,000円 ~ 4,000円",東京都 新宿区,https://jp.indeed.com/%E4%BB%95%E4%BA%8B?jk=b22441d56ca38015
Pythonエンジニア 業務効率化プロジェクト,イチアール株式会社,月給 80万円 ~ 90万円,東京都 渋谷区,https://jp.indeed.com/%E4%BB%95%E4%BA%8B?jk=15020cf2eefa2e89
Pythonエンジニア 商業施設向けデータ加工業務,イチアール株式会社,月給 70万円 ~ 80万円,東京都 渋谷区,https://jp.indeed.com/%E4%BB%95%E4%BA%8B?jk=8ae39c05621f8834
IT開発会社のPythonプログラマー,株式会社アスタ,月給 35万円 ~ 70万円,東京都 文京区 本郷,https://jp.indeed.com/%E4%BB%95%E4%BA%8B?jk=8399c017a852619d
AIシステム開発(Python、MariaDB、AWS),株式会社日本ビジネスデータープロセシングセンター,月給 26万円,兵庫県 神戸市 中央区 三宮駅,https://jp.indeed.com/%E4%BB%95%E4%BA%8B?jk=95ddaa7e7e4988f5
【業務委託】Python|物流系電子帳票システム開発,株式会社MAISON MARC,月給 70万円 ~ 100万円,在宅OK in 東京都 23区,https://jp.indeed.com/%E4%BB%95%E4%BA%8B?jk=ffb383fa0a60d080
ITエンジニア,株式会社テクノ情報システム,月給 23万円,東京都 豊島区 東池袋その他の勤務地(1),https://jp.indeed.com/%E4%BB%95%E4%BA%8B?jk=615e1b329b2a1491
SE(システムエンジニア),ApexSolution合同会社,月給 26万円,福岡県 福岡市 博多区その他の勤務地(9),https://jp.indeed.com/%E4%BB%95%E4%BA%8B?jk=dd84277581dbb66d
ITエンジニア(未経験可),株式会社LUXAS　採用サポート,月給 22万円 ~ 27万円,大阪府 大阪市 北区 大阪駅その他の勤務地(7),https://jp.indeed.com/%E4%BB%95%E4%BA%8B?jk=3efd70f9a15bd5cb
Java PHP Python開発,株式会社ラムタソリューションズ,月給 27万円 ~ 50万円,東京都 中央区 銀座,https://jp.indeed.com/%E4%BB%95%E4%BA%8B?jk=ecbc5376d4af30a8
Webプログラマー,株式会社エール,月給 20.5万円 ~ 30.0万円,高知県 高知市 はりまや町その他の勤務地(6),https://jp.indeed.com/%E4%BB%95%E4%BA%8B?jk=b0fd68a0b6b56764
PythonやPHPを用いた大手テレビ局のデータ収集,株式会社ビズリンク,月給 80万円,東京都 港区 六本木駅,https://jp.indeed.com/%E4%BB%95%E4%BA%8B?jk=93911fbe3ea06fda
WEBエンジニア,株式会社キャリア・ブレスユー,月給 22万円,和歌山県 和歌山市 本町,https://jp.indeed.com/%E4%BB%95%E4%BA%8B?jk=8e3098d305b99f39
Python/SQLエンジニア Webサイト開発支援業務,イチアール株式会社,月給 50万円 ~ 70万円,東京都 渋谷区,https://jp.indeed.com/%E4%BB%95%E4%BA%8B?jk=74473846453f809a
【研修6カ月・完全未経験エンジニア】ごめんなさい・・・。当社、経験者は立ち入り禁止!,株式会社ラストデータ,月給 25万円 ~ 60万円,東京都 千代田区 大手町その他の勤務地(1),https://jp.indeed.com/%E4%BB%95%E4%BA%8B?jk=1f64aa63fe528794
データサイエンティスト,株式会社テイクス,月給 23万円 ~ 45万円,東京都 豊島区 東池袋,https://jp.indeed.com/%E4%BB%95%E4%BA%8B?jk=d5512b43800844ff
WEBアプリケーション開発 JAVA・Python,アルファテクノロジー株式会社仙台支店,月給 20万円 ~ 40万円,宮城県 仙台市 青葉区 花京院,https://jp.indeed.com/%E4%BB%95%E4%BA%8B?jk=bf0ad44ed17583ce
Pythonエンジニア 某グロバールカンパニー向け社内システム開発対応,イチアール株式会社,月給 55万円 ~ 65万円,東京都 渋谷区,https://jp.indeed.com/%E4%BB%95%E4%BA%8B?jk=a9a7e5657a0201c3
システムエンジニア_将来的にはリモートワークも_,株式会社Wisdom Solution,月給 30万円 ~ 70万円,京都府 京都市 伏見区その他の勤務地(2),https://jp.indeed.com/%E4%BB%95%E4%BA%8B?jk=b7b7d7ba2320f41c
分析エンジニア,TheROOMDoor株式会社,月給 25.9万円,東京都 港区 六本木,https://jp.indeed.com/%E4%BB%95%E4%BA%8B?jk=8ac95587f9892143
システム開発SE Python,株式会社ウイングノア東京支社,月給 30万円 ~ 50万円,東京都 新宿区 西新宿,https://jp.indeed.com/%E4%BB%95%E4%BA%8B?jk=8e98a1762c0933f8
